CellType	name	number_of_snps	OR
B_cell-ENCODE	0.893	3	3.3594624860022395
BJAB_anti-IgM_anti-CD40_4hr-Engreitz	0.4	2	5
BJAB-Engreitz	0.408	3	7.352941176470589
CD19-positive_B_cell-Roadmap	1.052	5	4.752851711026616
CD8-positive_alpha-beta_T_cell-ENCODE	0.952	3	3.151260504201681
GM12878-Roadmap	0.959	4	4.1710114702815435
Karpas-422-ENCODE	1.153	11	9.540329575021682
MM.1S-ENCODE	1.072	2	1.8656716417910446
OCI-LY7-ENCODE	1.318	10	7.587253414264036
