CellType	name	number_of_snps	OR
CD34-positive_mobilized-Roadmap	0.831	3	3.6101083032490977
CD56-positive_natural_killer_cells-Roadmap	0.959	5	5.213764337851929
erythroblast-Corces2016	0.484	4	8.264462809917356
IMR90-Roadmap	0.625	2	3.2
K562-Roadmap	0.737	4	5.4274084124830395
megakaryocyte-erythroid_progenitor-Corces2016	0.563	3	5.328596802841918
natural_killer_cell-Corces2016	0.531	3	5.649717514124293
spleen-ENCODE	0.531	3	5.649717514124293
