CellType	name	number_of_snps	OR
CD3-positive_T_cell-Roadmap	1.123	3	2.671415850400712
CD4-positive_helper_T_cell-Corces2016	0.556	2	3.5971223021582732
CD4-positive_helper_T_cell-ENCODE	0.771	3	3.8910505836575875
CD8-positive_alpha-beta_T_cell-Corces2016	0.476	1	2.100840336134454
Jurkat_anti-CD3_PMA_4hr-Engreitz	0.371	3	8.086253369272237
Jurkat-Engreitz	0.397	2	5.037783375314861
T-cell-ENCODE	1.438	5	3.4770514603616136
thymus_fetal-Roadmap	1.07	4	3.7383177570093458
