CellType	name	number_of_snps	OR
CD34-positive_mobilized-Roadmap	0.879	5	5.688282138794084
CD56-positive_natural_killer_cells-Roadmap	1.039	7	6.737247353224254
erythroblast-Corces2016	0.517	3	5.802707930367505
IMR90-Roadmap	0.66	4	6.0606060606060606
K562-Roadmap	0.838	5	5.966587112171838
megakaryocyte-erythroid_progenitor-Corces2016	0.604	3	4.966887417218543
natural_killer_cell-Corces2016	0.563	2	3.5523978685612794
spleen-ENCODE	0.507	5	9.861932938856016
