CellType	name	number_of_snps	OR
B_cell-ENCODE	0.986	6	6.085192697768763
BJAB_anti-IgM_anti-CD40_4hr-Engreitz	0.407	2	4.914004914004915
BJAB-Engreitz	0.387	1	2.5839793281653747
CD19-positive_B_cell-Roadmap	1.171	7	5.977796754910333
CD8-positive_alpha-beta_T_cell-ENCODE	1.03	9	8.737864077669903
GM12878-Roadmap	0.969	7	7.223942208462333
Karpas-422-ENCODE	1.259	10	7.942811755361398
MM.1S-ENCODE	1.136	4	3.5211267605633805
OCI-LY7-ENCODE	1.362	8	5.873715124816446
