CellType	name	number_of_snps	OR
CD3-positive_T_cell-Roadmap	1.147	7	6.102877070619006
CD4-positive_helper_T_cell-Corces2016	0.56	4	7.142857142857142
CD4-positive_helper_T_cell-ENCODE	0.796	6	7.537688442211055
CD8-positive_alpha-beta_T_cell-Corces2016	0.581	2	3.442340791738382
Jurkat_anti-CD3_PMA_4hr-Engreitz	0.398	2	5.025125628140703
Jurkat-Engreitz	0.428	2	4.672897196261682
T-cell-ENCODE	1.487	8	5.379959650302623
thymus_fetal-Roadmap	1.124	10	8.89679715302491
