CellType	name	number_of_snps	OR
B_cell-ENCODE	0.446	2	4.484304932735426
BJAB_anti-IgM_anti-CD40_4hr-Engreitz	0.187	1	5.347593582887701
BJAB-Engreitz	0.174	2	11.49425287356322
CD19-positive_B_cell-Roadmap	0.476	2	4.201680672268908
CD8-positive_alpha-beta_T_cell-ENCODE	0.452	3	6.6371681415929205
GM12878-Roadmap	0.445	2	4.49438202247191
Karpas-422-ENCODE	0.563	4	7.104795737122559
MM.1S-ENCODE	0.539	1	1.8552875695732838
OCI-LY7-ENCODE	0.565	4	7.079646017699115
