CellType	name	number_of_snps	OR
CD34-positive_mobilized-Roadmap	0.435	3	6.8965517241379315
CD56-positive_natural_killer_cells-Roadmap	0.458	3	6.550218340611353
erythroblast-Corces2016	0.21	3	14.285714285714286
IMR90-Roadmap	0.323	1	3.095975232198142
K562-Roadmap	0.326	2	6.134969325153374
megakaryocyte-erythroid_progenitor-Corces2016	0.251	2	7.968127490039841
natural_killer_cell-Corces2016	0.251	0	0
spleen-ENCODE	0.228	2	8.771929824561402
