CellType	name	number_of_snps	OR
CD3-positive_T_cell-Roadmap	0.502	2	3.9840637450199203
CD4-positive_helper_T_cell-Corces2016	0.232	1	4.310344827586206
CD4-positive_helper_T_cell-ENCODE	0.343	2	5.830903790087463
CD8-positive_alpha-beta_T_cell-Corces2016	0.235	0	0
Jurkat_anti-CD3_PMA_4hr-Engreitz	0.184	2	10.869565217391305
Jurkat-Engreitz	0.171	1	5.847953216374268
T-cell-ENCODE	0.669	4	5.9790732436472345
thymus_fetal-Roadmap	0.538	3	5.5762081784386615
